{
  "inbound": [
    {
      "localPort": 10808,
      "protocol": "socks",
      "udpEnabled": true,
      "sniffingEnabled": true
    }
  ],
  "logEnabled": false,
  "loglevel": "warning",
  "index": 0,
  "vmess": [
    {
      "configVersion": 2,
      "address": "204.44.99.211",
      "port": 8080,
      "id": "36dda8d5-8ee4-4747-dce7-94e3582c45e3",
      "alterId": 64,
      "security": "auto",
      "network": "tcp",
      "remarks": "v2",
      "headerType": "http",
      "requestHost": "apple.com",
      "path": "/",
      "streamSecurity": "none",
      "allowInsecure": "False",
      "configType": 1,
      "testResult": " 410ms",
      "subid": ""
    }
  ],
  "muxEnabled": true,
  "domainStrategy": "IPIfNonMatch",
  "routingMode": "0",
  "useragent": [],
  "userdirect": [],
  "userblock": [],
  "kcpItem": {
    "mtu": 1350,
    "tti": 50,
    "uplinkCapacity": 12,
    "downlinkCapacity": 100,
    "congestion": false,
    "readBufferSize": 2,
    "writeBufferSize": 2
  },
  "listenerType": 1,
  "speedTestUrl": "http://speedtest-sgp1.digitalocean.com/10mb.test",
  "speedPingTestUrl": "https://www.google.com/generate_204",
  "urlGFWList": "https://raw.githubusercontent.com/gfwlist/gfwlist/master/gfwlist.txt",
  "allowLANConn": false,
  "enableStatistics": false,
  "keepOlderDedupl": false,
  "statisticsFreshRate": 2000,
  "remoteDNS": null,
  "defAllowInsecure": false,
  "subItem": [],
  "uiItem": {
    "mainSize": "160, 28",
    "mainLvColWidth": {
      "def": 30,
      "configType": 80,
      "remarks": 100,
      "address": 120,
      "port": 50,
      "security": 90,
      "network": 70,
      "subRemarks": 50,
      "testResult": 70
    }
  },
  "userPacRule": []
}